[
    {
        "id": "1",
        "name": "Peras",
        "precio": 10,
        "category": "Frutas",
        "description": "Peras ricas. ",
        "stock": 100
    },
    {
        "id": "2",
        "name": "Manzanas",
        "precio": 20.10,
        "category": "Frutas",
        "description": "Manzanas rojas.",
        "stock": 50
    },
    {
        "id": "3",
        "name": "Uvas",
        "precio": 30.00,
        "category": "Frutas",
        "description": "Uvas verdes.",
        "stock": 1000
    }
]
